date,PERMNO,TICKER,PRC,C_strike_price,P_strike_price,option_days,rate,daily_rate,PV_strike_price,PutCallParity,PutCallRatio
2017-01-03,84398,SPY,225.24001,225.59331,225.59331,60,0.733529,0.002009668493150685,199.96728043507892,25.272729564921093,1.2602447851927026
2017-01-04,84398,SPY,226.58,226.937505,226.937505,60,0.728556,0.0019960438356164383,201.32329345341407,25.256706546585946,1.1518992442897533
2017-01-05,84398,SPY,226.39999,226.760027,226.760027,60,0.728556,0.0019960438356164383,201.1658472195907,25.234142780409314,2.153345661256078
2017-01-06,84398,SPY,227.21001,227.574647,227.574647,60,0.727934,0.001994339726027397,201.90916533187902,25.300844668120988,1.4716576445207943
2017-01-09,84398,SPY,226.46001,226.830625,226.830625,60,0.728556,0.0019960438356164383,201.2284768932148,25.231533106785207,1.8048677686117882
2017-01-10,84398,SPY,226.46001,226.833508,226.833508,60,0.729799,0.001999449315068493,201.18992140311036,25.27008859688965,1.2654968751882127
2017-01-11,84398,SPY,227.10001,227.434395,227.434395,60,0.727313,0.0019926383561643837,201.80533039291362,25.29467960708638,1.6581657571829118
2017-01-12,84398,SPY,226.53,226.864549,226.864549,60,0.727313,0.0019926383561643837,201.2996990423737,25.230300957626298,1.3499423782477182
2017-01-13,84398,SPY,227.05,227.387379,227.387379,60,0.731043,0.002002857534246575,201.63993894093602,25.41006105906399,1.4429206303128455
2017-01-17,84398,SPY,226.25,225.26031,225.26031,60,0.730421,0.0020011534246575343,199.77414657623635,26.475853423763652,1.9835579108619086
2017-01-18,84398,SPY,226.75,225.765024,225.765024,60,0.734151,0.002011372602739726,200.09902828145928,26.650971718540717,3.4103124807564678
2017-01-19,84398,SPY,225.91,224.929072,224.929072,60,0.734151,0.002011372602739726,199.35811111047207,26.55188888952793,2.0147240580612595
2017-01-20,84398,SPY,226.74001,225.761644,225.761644,60,0.733529,0.002009668493150685,200.11649271528685,26.62351728471316,1.4273032635255956
2017-01-23,84398,SPY,226.14999,225.171803,225.171803,60,0.732286,0.0020062630136986302,199.63444096176423,26.515549038235775,1.8852272119490712
2017-01-24,84398,SPY,227.60001,226.626852,226.626852,60,0.732908,0.002007967123287671,200.90392600886977,26.696083991130223,1.505471293651284
2017-01-25,84398,SPY,229.57001,228.602646,228.602646,60,0.733529,0.002009668493150685,202.63477414681788,26.93523585318212,0.9874267010911799
2017-01-26,84398,SPY,229.33,228.363174,228.363174,60,0.731664,0.002004558904109589,202.4845719736201,26.84542802637992,1.8566145915442083
2017-01-27,84398,SPY,228.97,228.003656,228.003656,60,0.730421,0.0020011534246575343,202.2071078285463,26.7628921714537,1.815507500752322
2017-01-30,84398,SPY,227.55,226.58566,226.58566,60,0.732286,0.0020062630136986302,200.88794849705215,26.66205150294786,1.7399095127351132
2017-01-31,84398,SPY,227.53,226.566655,226.566655,60,0.731664,0.002004558904109589,200.8916383390689,26.63836166093111,1.3639454637266453
2017-02-01,84398,SPY,227.62,226.658229,226.658229,60,0.731664,0.002004558904109589,200.97283497804148,26.64716502195853,1.4026961515399237
2017-02-02,84398,SPY,227.77,226.80884,226.80884,60,0.730421,0.0020011534246575343,201.14747443500426,26.622525564995755,2.129880195347882
2017-02-03,84398,SPY,229.34,228.382464,228.382464,60,0.731664,0.002004558904109589,202.5016759896703,26.8383240103297,1.0092314548074834
2017-02-06,84398,SPY,228.92999,227.977419,227.977419,60,0.732286,0.0020062630136986302,202.1218642281373,26.808125771862706,3.1555515021459226
2017-02-07,84398,SPY,228.94,227.990663,227.990663,60,0.731043,0.002002857534246575,202.17491211956633,26.76508788043367,1.8859953263768845
2017-02-08,84398,SPY,229.24001,228.24641,228.24641,60,0.729799,0.001999449315068493,202.44309446751626,26.79691553248375,2.3125919039459455
2017-02-09,84398,SPY,230.60001,229.611223,229.611223,60,0.726069,0.0019892301369863015,203.77852364930436,26.821486350695636,1.227038556027191
2017-02-10,84398,SPY,231.50999,230.526058,230.526058,60,0.724204,0.0019841205479452055,204.65316598525547,26.856824014744518,1.3514932830358308
2017-02-13,84398,SPY,232.77,231.793989,231.793989,60,0.725448,0.0019875287671232878,205.73671579886923,27.033284201130783,0.8978068073832505
2017-02-14,84398,SPY,233.7,232.729929,232.729929,60,0.724826,0.0019858246575342464,206.58856338358598,27.11143661641401,1.4935227801386097
2017-02-15,84398,SPY,234.92,233.959126,233.959126,60,0.727934,0.001994339726027397,207.57361364790304,27.346386352096943,1.5087232446428787
2017-02-16,84398,SPY,234.72,233.760427,233.760427,60,0.729178,0.0019977479452054792,207.35491658718408,27.36508341281592,1.9361732887598893
2017-02-17,84398,SPY,235.09,234.131786,234.131786,60,0.724204,0.0019841205479452055,207.85420823307666,27.23579176692334,1.5289773751176567
2017-02-21,84398,SPY,236.49001,235.545638,235.545638,60,0.724204,0.0019841205479452055,209.10937778113092,27.380632218869096,1.5285525026443234
2017-02-22,84398,SPY,236.28,235.334116,235.334116,60,0.723582,0.001982416438356164,208.94295837898295,27.33704162101705,1.975553809314942
2017-02-23,84398,SPY,236.44,235.496049,235.496049,60,0.722339,0.0019790109589041096,209.12945846797876,27.310541532021233,1.9823616623626579
2017-02-24,84398,SPY,236.74001,235.7978,235.7978,60,0.721096,0.0019756054794520545,209.44021513486905,27.299794865130963,1.5455904462922918
2017-02-27,84398,SPY,237.11,236.180599,236.180599,60,0.721717,0.0019773068493150687,209.75881095716878,27.351189042831237,1.5965600879393982
2017-02-28,84398,SPY,236.47,235.544302,235.544302,60,0.721096,0.0019756054794520545,209.2150532561057,27.254946743894294,1.696063928282252
2017-03-01,84398,SPY,239.78,238.872393,238.872393,60,0.721096,0.0019756054794520545,212.17112873699833,27.608871263001674,1.421309922587389
2017-03-02,84398,SPY,238.27,237.363537,237.363537,60,0.721717,0.0019773068493150687,210.80941235866683,27.460587641333177,1.2584973718408086
2017-03-03,84398,SPY,238.42,237.515931,237.515931,60,0.719852,0.0019721972602739727,211.0094382468466,27.410561753153388,1.4438940999167735
2017-03-06,84398,SPY,237.71001,236.809057,236.809057,60,0.719852,0.0019721972602739727,210.38145053661884,27.32855946338117,1.6616792345480513
2017-03-07,84398,SPY,237.0,236.100429,236.100429,60,0.723582,0.001982416438356164,209.62333446718375,27.376665532816247,1.5052152008481041
2017-03-08,84398,SPY,236.56,235.611438,235.611438,60,0.745341,0.0020420301369863014,208.44228466622772,28.11771533377228,1.4868414455795556
2017-03-09,84398,SPY,236.86,235.920133,235.920133,60,0.826782,0.002265156164383562,205.939813452562,30.92018654743802,1.880234817529131
2017-03-10,84398,SPY,237.69,236.755847,236.755847,60,0.857867,0.0023503205479452056,205.61596797683688,32.07403202316311,1.4354841427432465
2017-03-13,84398,SPY,237.81,236.887646,236.887646,60,0.891438,0.0024422958904109586,204.5982310926944,33.21176890730561,1.2187710908074922
2017-03-14,84398,SPY,236.89999,235.981749,235.981749,60,0.921591,0.0025249068493150687,202.80806848010312,34.091921519896886,1.5405714641344859
2017-03-15,84398,SPY,238.95,238.038419,238.038419,60,0.935268,0.002562378082191781,204.11619194962063,34.83380805037936,1.0821744611337512
2017-03-16,84398,SPY,238.48,237.871876,237.871876,60,0.958271,0.0026254,203.20355133259625,35.27644866740374,0.8323477190068445
2017-03-17,84398,SPY,237.03,237.455179,237.455179,60,0.958893,0.0026271041095890413,202.82684587985605,34.20315412014395,1.9655668576458827
2017-03-20,84398,SPY,236.77,237.198015,237.198015,60,0.959514,0.0026288054794520546,202.5865028407999,34.1834971592001,1.6771713554987213
2017-03-21,84398,SPY,233.73,234.153168,234.153168,60,0.958893,0.0026271041095890413,200.00637054210574,33.72362945789425,1.5224154494914381
2017-03-22,84398,SPY,234.28,234.705403,234.705403,60,0.957649,0.0026236958904109586,200.51907312847152,33.76092687152848,1.2710563470962524
2017-03-23,84398,SPY,234.03,234.453023,234.453023,60,0.957028,0.0026219945205479453,200.32390233473186,33.706097665268146,1.3449157519838377
2017-03-24,84398,SPY,233.86,234.283359,234.283359,60,0.957028,0.0026219945205479453,200.17893617421566,33.68106382578435,1.9566084743124894
2017-03-27,84398,SPY,233.62,234.04607,234.04607,60,0.957028,0.0026219945205479453,199.9761891255623,33.64381087443769,1.8845255917782384
2017-03-28,84398,SPY,235.32001,235.75277,235.75277,60,0.957028,0.0026219945205479453,201.4344463053586,33.885563694641405,1.3860414110515116
2017-03-29,84398,SPY,235.53999,235.972038,235.972038,60,0.960758,0.002632213698630137,201.49820900554442,34.041780994455564,1.2475668769677046
2017-03-30,84398,SPY,236.28999,236.724878,236.724878,60,0.969462,0.002656060273972603,201.85204894255543,34.43794105744456,1.4027579251221591
2017-03-31,84398,SPY,235.74001,236.175809,236.175809,60,0.963866,0.002640728767123288,201.5692016730794,34.17080832692062,1.7694706568172918
2017-04-03,84398,SPY,235.33,235.768707,235.768707,60,0.96511,0.00264413698630137,201.18060766281246,34.14939233718755,1.5253475183844718
2017-04-04,84398,SPY,235.48,235.920827,235.920827,60,0.962001,0.002635619178082192,201.4133208264581,34.0666791735419,1.4786325685082757
2017-04-05,84398,SPY,234.78,235.221016,235.221016,60,0.960758,0.002632213698630137,200.85690595452886,33.923094045471146,1.4690316515745994
2017-04-06,84398,SPY,235.44,235.88595,235.88595,60,0.960136,0.002630509589041096,201.4452938858051,33.994706114194884,1.3372676494310032
2017-04-07,84398,SPY,235.2,235.647251,235.647251,60,0.960136,0.002630509589041096,201.24144626281085,33.958553737189135,1.5050940897748872
2017-04-10,84398,SPY,235.34,235.790248,235.790248,60,0.959514,0.0026288054794520546,201.38415469575037,33.955845304249635,1.8338281994370151
2017-04-11,84398,SPY,235.06,235.510464,235.510464,60,0.960136,0.002630509589041096,201.12463092296227,33.935369077037734,1.385611248760745
2017-04-12,84398,SPY,234.03,234.450914,234.450914,60,0.960136,0.002630509589041096,200.21978109559143,33.81021890440857,1.4081576738762485
2017-04-13,84398,SPY,232.50999,232.928979,232.928979,60,0.958271,0.0026254,198.98105037468042,33.528939625319566,1.6602200283662425
2017-04-17,84398,SPY,234.57001,233.963501,233.963501,60,0.958271,0.0026254,198.98105037468042,33.528939625319566,1.520620836157445
2017-04-18,84398,SPY,233.87,233.25852,233.25852,60,0.960136,0.002630509589041096,199.20148322851765,34.66851677148236,1.4396741646611304
2017-04-19,84398,SPY,233.44,232.829836,232.829836,60,0.958893,0.0026271041095890413,198.87602140951478,34.56397859048522,1.720178798450558
2017-04-20,84398,SPY,235.34,234.736474,234.736474,60,0.957028,0.0026219945205479453,200.56609162158392,34.77390837841608,2.057492298533225
2017-04-21,84398,SPY,234.59,233.985642,233.985642,60,0.957649,0.0026236958904109586,199.90414988107608,34.68585011892392,1.8902459016393443
2017-04-24,84398,SPY,237.17,236.577976,236.577976,60,0.957649,0.0026236958904109586,202.1188939997678,35.05110600023218,1.8459104787651328
2017-04-25,84398,SPY,238.55,237.964052,237.964052,60,0.957649,0.0026236958904109586,203.30307924328187,35.24692075671814,0.9685720039452336
2017-04-26,84398,SPY,238.39999,237.814777,237.814777,60,0.958893,0.0026271041095890413,203.13400333345157,35.26598666654843,1.295178781624495
2017-04-27,84398,SPY,238.60001,238.014147,238.014147,60,0.959514,0.0026288054794520546,203.28354631199622,35.31646368800378,1.2399931616480429
2017-04-28,84398,SPY,238.08,237.495046,237.495046,60,0.963245,0.002639027397260274,202.71582480187442,35.364175198125594,1.715753061977524
2017-05-01,84398,SPY,238.67999,238.102704,238.102704,60,0.963245,0.002639027397260274,202.71582480187442,35.364175198125594,1.3616308767814567
2017-05-02,84398,SPY,238.77,238.191445,238.191445,60,0.960758,0.002632213698630137,203.39337649803508,35.37662350196493,1.4754205637069013
2017-05-03,84398,SPY,238.48,237.903308,237.903308,60,0.96138,0.002633917808219178,203.12656419795135,35.35343580204864,1.0540999872932348
2017-05-04,84398,SPY,238.75999,238.18791,238.18791,60,0.960136,0.002630509589041096,203.41115496703256,35.34883503296743,1.2144954084366126
2017-05-05,84398,SPY,239.7,239.132506,239.132506,60,0.960136,0.002630509589041096,204.21783471554392,35.48216528445607,1.8287260721457517
2017-05-08,84398,SPY,239.66,239.098037,239.098037,60,0.959514,0.0026288054794520546,204.20927701241592,35.45072298758407,1.5353119119951062
2017-05-09,84398,SPY,239.44,238.876017,238.876017,60,0.959514,0.0026288054794520546,204.0196537756417,35.4203462243583,1.5825905910853688
2017-05-10,84398,SPY,239.87,239.267687,239.267687,60,0.960136,0.002630509589041096,204.33327854029386,35.53672145970614,1.7443392100381558
2017-05-11,84398,SPY,239.38,238.778141,238.778141,60,0.958271,0.0026254,203.97773392847589,35.40226607152411,1.5515727134582724
2017-05-12,84398,SPY,238.98,238.37549,238.37549,60,0.959514,0.0026288054794520546,203.59216278459192,35.38783721540807,1.9989496755560645
2017-05-15,84398,SPY,240.3,239.703755,239.703755,60,0.960758,0.002632213698630137,204.68474881080536,35.61525118919465,1.68818803067965
2017-05-16,84398,SPY,240.08,239.485145,239.485145,60,0.959514,0.0026288054794520546,204.53989890207083,35.54010109792918,1.582159022010406
2017-05-17,84398,SPY,235.82001,235.214963,235.214963,60,0.959514,0.0026288054794520546,200.89281425899853,34.92719574100147,1.981216383484634
2017-05-18,84398,SPY,236.77,236.172884,236.172884,60,0.960136,0.002630509589041096,201.69033393145358,35.07966606854643,1.641006435822392
2017-05-19,84398,SPY,238.31,237.721239,237.721239,60,0.960136,0.002630509589041096,203.01262051958886,35.29737948041114,2.0130747933620174
2017-05-22,84398,SPY,239.52,238.940609,238.940609,60,0.96138,0.002633917808219178,204.01223237104418,35.50776762895583,1.442800578716534
2017-05-23,84398,SPY,240.05,239.471887,239.471887,60,0.962623,0.0026373232876712328,204.42407408091543,35.62592591908458,1.941775652373026
2017-05-24,84398,SPY,240.61,240.034368,240.034368,60,0.962623,0.0026373232876712328,204.90423339754165,35.70576660245837,1.899185560578739
2017-05-25,84398,SPY,241.75999,241.189601,241.189601,60,0.962623,0.0026373232876712328,205.89039273061073,35.86959726938926,1.701635877015471
2017-05-26,84398,SPY,241.71001,241.139776,241.139776,60,0.962001,0.002635619178082192,205.86890816345027,35.84110183654974,1.500596464591693
2017-05-30,84398,SPY,241.5,240.932445,240.932445,60,0.963866,0.002640728767123288,205.6288525121263,35.87114748787371,1.8704911671425073
2017-05-31,84398,SPY,241.44,240.873881,240.873881,60,0.964488,0.0026424328767123287,205.55785117618802,35.882148823811974,1.8546511788473063
2017-06-01,84398,SPY,243.36,242.804547,242.804547,60,0.964488,0.0026424328767123287,207.20545012984513,36.15454987015488,1.4213569783885178
2017-06-02,84398,SPY,244.17,243.617879,243.617879,60,0.964488,0.0026424328767123287,207.89953442623602,36.27046557376397,1.2418130698225842
2017-06-05,84398,SPY,243.99001,243.439303,243.439303,60,0.963866,0.002640728767123288,207.76838309278693,36.22162690721308,2.0312877658165975
2017-06-06,84398,SPY,243.21001,242.656909,242.656909,60,0.966353,0.0026475424657534247,207.01598253733297,36.19402746266704,0.9510220195739144
2017-06-07,84398,SPY,243.66,243.11084,243.11084,60,0.988113,0.002707158904109589,206.66268783714384,36.99731216285616,1.8531510262696926
2017-06-08,84398,SPY,243.78,243.239714,243.239714,60,1.049663,0.0028757890410958903,204.69070669274228,39.08929330725772,1.4192223788698777
2017-06-09,84398,SPY,243.41,242.876939,242.876939,60,1.090696,0.0029882082191780824,203.01145338088006,40.39854661911994,1.5809376868959695
2017-06-12,84398,SPY,243.36,242.835292,242.835292,60,1.127378,0.0030887068493150685,201.75639249241615,41.60360750758386,1.6485296555468971
2017-06-13,84398,SPY,244.55,244.028994,244.028994,60,1.167168,0.0031977205479452055,201.4263514781827,43.1236485218173,1.6024807029126487
2017-06-14,84398,SPY,244.24001,243.701447,243.701447,60,1.177738,0.0032266794520547943,200.806775769139,43.43323423086102,1.1182298968571962
2017-06-15,84398,SPY,243.77,243.091514,243.091514,60,1.204472,0.003299923287671233,199.42586754248347,44.34413245751654,0.7177386247087685
2017-06-16,84398,SPY,242.64,243.145091,243.145091,60,1.206337,0.003305032876712329,199.40867754478757,43.23132245521242,1.6606362155604242
2017-06-19,84398,SPY,244.66,245.173829,245.173829,60,1.209446,0.003313550684931507,200.96975497803228,43.69024502196771,1.6822020098930432
2017-06-20,84398,SPY,243.00999,243.521546,243.521546,60,1.210068,0.0033152547945205476,199.59496448667667,43.415025513323314,1.470934748497344
2017-06-21,84398,SPY,242.95,243.461261,243.461261,60,1.208824,0.0033118465753424653,199.58636360735062,43.36363639264937,1.562748535348936
2017-06-22,84398,SPY,242.84,243.353177,243.353177,60,1.211311,0.0033186602739726026,199.41621536845602,43.42378463154398,1.5937382506077695
2017-06-23,84398,SPY,243.13,243.643597,243.643597,60,1.202607,0.003294813698630137,199.94006917686835,43.18993082313165,1.7309384475045713
2017-06-26,84398,SPY,243.28999,243.806008,243.806008,60,1.203851,0.0032982219178082192,200.03243828574693,43.257551714253054,1.3740672959188873
2017-06-27,84398,SPY,241.33,241.842791,241.842791,60,1.205094,0.0033016273972602743,198.38116329166994,42.94883670833008,1.2542605026403186
2017-06-28,84398,SPY,243.49001,244.006842,244.006842,60,1.205094,0.0033016273972602743,200.15631215191652,43.33369784808349,1.5060639039680936
2017-06-29,84398,SPY,241.35001,241.862472,241.862472,60,1.206959,0.0033067369863013694,198.33649301440775,43.01351698559225,1.620477734108357
2017-06-30,84398,SPY,241.8,242.314156,242.314156,60,1.206337,0.003305032876712329,198.72720933667276,43.072790663327254,1.9490818738540137
2017-07-03,84398,SPY,242.21001,242.727612,242.727612,60,1.204472,0.003299923287671233,199.1273319381084,43.08267806189161,1.8152376216523407
2017-07-05,84398,SPY,242.77,243.290372,243.290372,60,1.207581,0.003308441095890411,199.48702781036468,43.28297218963533,1.7478758562237051
2017-07-06,84398,SPY,240.55,241.066458,241.066458,60,1.207581,0.003308441095890411,197.66351958717098,42.88648041282903,1.7802301693752527
2017-07-07,84398,SPY,242.11,242.630029,242.630029,60,1.206337,0.003305032876712329,198.98626378413476,43.12373621586525,1.7528422878866254
2017-07-10,84398,SPY,242.37,242.891823,242.891823,60,1.205094,0.0033016273972602743,199.24167349182795,43.12832650817205,1.3677436831064438
2017-07-11,84398,SPY,242.19,242.710415,242.710415,60,1.205094,0.0033016273972602743,199.09286636831766,43.09713363168234,1.0888360662342371
2017-07-12,84398,SPY,244.00999,244.52245,244.52245,60,1.205094,0.0033016273972602743,200.57926011087588,43.43072988912411,1.7953398587154117
2017-07-13,84398,SPY,244.42,244.933989,244.933989,60,1.205094,0.0033016273972602743,200.91684133553142,43.50315866446857,2.3425734082929774
2017-07-14,84398,SPY,245.56,246.076974,246.076974,60,1.205094,0.0033016273972602743,201.85442021885208,43.70557978114792,1.2699764143980423
2017-07-17,84398,SPY,245.53,244.862853,244.862853,60,1.207581,0.003308441095890411,200.7763906338893,44.75360936611071,1.521454150333861
2017-07-18,84398,SPY,245.66,244.993961,244.993961,60,1.205716,0.003303331506849315,200.9454887141319,44.7145112858681,1.9250991815358804
2017-07-19,84398,SPY,246.99001,246.328589,246.328589,60,1.206337,0.003305032876712329,202.01953480509914,44.97047519490087,1.358337214814204
2017-07-20,84398,SPY,247.10001,246.441406,246.441406,60,1.206959,0.0033067369863013694,202.09139431759314,45.008615682406855,1.3943879721508392
2017-07-21,84398,SPY,246.88,246.223124,246.223124,60,1.208824,0.0033118465753424653,201.8505028411965,45.02949715880351,1.5063873431283397
2017-07-24,84398,SPY,246.82001,246.165023,246.165023,60,1.21069,0.0033169589041095893,201.7409809348303,45.07902906516969,1.2984824476471277
2017-07-25,84398,SPY,247.42,246.768099,246.768099,60,1.210068,0.0033152547945205476,202.2559020561972,45.1640979438028,1.8207237068523785
2017-07-26,84398,SPY,247.42999,246.774697,246.774697,60,1.210068,0.0033152547945205476,202.2613099044854,45.16868009551462,1.3850085950027895
2017-07-27,84398,SPY,247.2,246.544796,246.544796,60,1.21069,0.0033169589041095893,202.05221839910874,45.14778160089125,1.7820181923797955
2017-07-28,84398,SPY,246.91,246.253323,246.253323,60,1.213177,0.0033237726027397258,201.73085706519117,45.17914293480882,1.8303493036416978
2017-07-31,84398,SPY,246.77,246.115398,246.115398,60,1.213177,0.0033237726027397258,201.6178688296549,45.152131170345115,1.9815425223717247
2017-08-01,84398,SPY,247.32001,246.667198,246.667198,60,1.212555,0.003322068493150685,202.09056570377905,45.22944429622095,1.718903420694834
2017-08-02,84398,SPY,247.44,246.787581,246.787581,60,1.21442,0.003327178082191781,202.12721688663763,45.31278311336237,1.7869335527539825
2017-08-03,84398,SPY,246.96001,246.306196,246.306196,60,1.212555,0.003322068493150685,201.7948024284359,45.16520757156411,2.0834323900089915
2017-08-04,84398,SPY,247.41,246.758063,246.758063,60,1.215663,0.0033305835616438354,202.06174941878137,45.34825058121862,1.9223959529558488
2017-08-07,84398,SPY,247.87,247.22122,247.22122,60,1.213798,0.0033254739726027395,202.50308580367502,45.366914196324984,1.9844599434648766
2017-08-08,84398,SPY,247.25999,246.611781,246.611781,60,1.212555,0.003322068493150685,202.04516342503908,45.21482657496091,1.986934761947165
2017-08-09,84398,SPY,247.25,246.585209,246.585209,60,1.213177,0.0033237726027397258,202.00273825815253,45.24726174184747,1.8119324570986233
2017-08-10,84398,SPY,243.75999,243.087873,243.087873,60,1.213177,0.0033237726027397258,199.13771869159444,44.622271308405544,1.6432782852727694
2017-08-11,84398,SPY,244.12,243.448438,243.448438,60,1.215663,0.0033305835616438354,199.35161055122134,44.76838944877866,2.2159581609875247
2017-08-14,84398,SPY,246.53999,245.876169,245.876169,60,1.213798,0.0033254739726027395,201.40133176304974,45.13865823695025,2.0218261435175506
2017-08-15,84398,SPY,246.50999,245.847551,245.847551,60,1.213798,0.0033254739726027395,201.37789027485738,45.13209972514261,1.7139604262938382
2017-08-16,84398,SPY,246.94,246.278739,246.278739,60,1.213798,0.0033254739726027395,201.73108366400703,45.20891633599297,2.049288937924324
2017-08-17,84398,SPY,243.09,242.42088,242.42088,60,1.21442,0.003327178082191781,198.55074388694445,44.53925611305556,2.103290217622692
2017-08-18,84398,SPY,242.71001,242.041225,242.041225,60,1.215663,0.0033305835616438354,198.1992918908789,44.510718109121115,1.906723874054389
2017-08-21,84398,SPY,242.89999,242.232239,242.232239,60,1.21442,0.003327178082191781,198.39624064911453,44.50374935088547,1.710922299842291
2017-08-22,84398,SPY,245.44,244.779717,244.779717,60,1.213798,0.0033254739726027395,200.5032093711466,44.9367906288534,1.5744891480224754
2017-08-23,84398,SPY,244.56,243.896862,243.896862,60,1.21069,0.0033169589041095893,199.88214242283698,44.677857577163024,1.878661426833328
2017-08-24,84398,SPY,243.99001,243.327176,243.327176,60,1.213177,0.0033237726027397258,199.33375584025163,44.656254159748386,1.6034858792480284
2017-08-25,84398,SPY,244.56,243.89916,243.89916,60,1.213177,0.0033237726027397258,199.80232544630553,44.75767455369447,1.6901557589834677
2017-08-28,84398,SPY,244.57001,243.911492,243.911492,60,1.213177,0.0033237726027397258,199.80232544630553,44.75767455369447,1.4666713935000133
2017-08-29,84398,SPY,244.85001,244.192545,244.192545,60,1.21815,0.0033373972602739727,199.8792026528142,44.9708073471858,2.141077727878839
2017-08-30,84398,SPY,246.00999,245.354235,245.354235,60,1.21815,0.0033373972602739727,200.83008209481252,45.17990790518746,1.839052195409941
2017-08-31,84398,SPY,247.49001,246.837276,246.837276,60,1.21815,0.0033373972602739727,202.0439973377264,45.4460126622736,1.3873523819990947
2017-09-01,84398,SPY,247.84,247.188252,247.188252,60,1.216907,0.0033339917808219177,202.37262844911953,45.46737155088047,1.8158076127747569
2017-09-05,84398,SPY,246.06,245.405833,245.405833,60,1.213177,0.0033237726027397258,201.0365927930531,45.0234072069469,1.883785640868385
2017-09-06,84398,SPY,246.89999,246.248899,246.248899,60,1.211311,0.0033186602739726026,201.78912016928044,45.110869830719565,1.6904663738758925
2017-09-07,84398,SPY,246.87,246.217636,246.217636,60,1.211311,0.0033186602739726026,201.76350164554503,45.10649835445497,1.6483059406588467
2017-09-08,84398,SPY,246.58,245.924106,245.924106,60,1.211311,0.0033186602739726026,201.52296793886117,45.05703206113884,1.8656505510592902
2017-09-11,84398,SPY,249.21001,248.567023,248.567023,60,1.213177,0.0033237726027397258,203.6262413723168,45.58376862768321,1.186183732324826
2017-09-12,84398,SPY,250.05,249.41341,249.41341,60,1.213177,0.0033237726027397258,204.31960206625078,45.73039793374923,1.0933335105247812
2017-09-13,84398,SPY,250.17,249.52078,249.52078,60,1.211933,0.0033203643835616435,204.44936384913828,45.72063615086171,1.343878857870463
2017-09-14,84398,SPY,250.09,249.390691,249.390691,60,1.213177,0.0033237726027397258,204.30099064900847,45.789009350991535,0.5590720257868238
2017-09-15,84398,SPY,249.19,249.727488,249.727488,60,1.212555,0.003322068493150685,204.5978132921577,44.5921867078423,2.096124290609433
2017-09-18,84398,SPY,249.72,250.261667,250.261667,60,1.211933,0.0033203643835616435,205.05642301204284,44.66357698795716,1.9112449688705184
2017-09-19,84398,SPY,249.97,250.513532,250.513532,60,1.213177,0.0033237726027397258,205.22082261114582,44.74917738885418,2.1151055200235795
2017-09-20,84398,SPY,250.06,250.605402,250.605402,60,1.211933,0.0033203643835616435,205.3380685009784,44.72193149902159,1.586839951275788
2017-09-21,84398,SPY,249.39,249.934478,249.934478,60,1.21069,0.0033169589041095893,204.83018321069426,44.55981678930573,1.7654178322828744
2017-09-22,84398,SPY,249.44,249.984263,249.984263,60,1.21069,0.0033169589041095893,204.87098378672022,44.56901621327978,1.9279789954914075
2017-09-25,84398,SPY,248.92999,249.472892,249.472892,60,1.21069,0.0033169589041095893,204.4518970866506,44.4780929133494,2.125421875421875
2017-09-26,84398,SPY,249.08,249.623908,249.623908,60,1.211933,0.0033203643835616435,204.5338636410796,44.54613635892042,1.5267418349929134
2017-09-27,84398,SPY,250.05,250.597897,250.597897,60,1.213798,0.0033254739726027395,205.26897908849216,44.78102091150785,0.9664049571786164
2017-09-28,84398,SPY,250.35001,250.897386,250.897386,60,1.21815,0.0033373972602739727,205.36732381144296,44.98268618855704,1.1050367423574818
2017-09-29,84398,SPY,251.23,251.78029,251.78029,60,1.221259,0.003345915068493151,205.98470903045595,45.245290969544044,2.2205390994423295
2017-10-02,84398,SPY,252.32001,252.8772,252.8772,60,1.220016,0.003342509589041096,206.92438156142632,45.39562843857368,1.226641378925643
2017-10-03,84398,SPY,252.86,253.421315,253.421315,60,1.220016,0.003342509589041096,207.36962004031366,45.49037995968635,1.1706247414149773
2017-10-04,84398,SPY,253.16,253.724704,253.724704,60,1.21815,0.0033373972602739727,207.6815716419242,45.4784283580758,1.6126380692246012
2017-10-05,84398,SPY,254.66,255.229991,255.229991,60,1.218772,0.0033391013698630136,208.89233631065795,45.767663689342044,1.5595163337213243
2017-10-06,84398,SPY,254.37,254.9413,254.9413,60,1.218772,0.0033391013698630136,208.65605789672398,45.713942103276025,2.1045499697333034
2017-10-09,84398,SPY,253.95,254.526964,254.526964,60,1.220016,0.003342509589041096,208.27435061922316,45.67564938077683,1.141376231234461
2017-10-10,84398,SPY,254.62,255.198482,255.198482,60,1.221259,0.003345915068493151,208.7811760792874,45.8388239207126,1.528504688310559
2017-10-11,84398,SPY,255.02,255.577073,255.577073,60,1.220637,0.0033442109589041096,209.11228619105066,45.90771380894935,1.6900922090367352
2017-10-12,84398,SPY,254.64,255.196824,255.196824,60,1.221259,0.003345915068493151,208.7798196480609,45.86018035193908,1.3688126515674086
2017-10-13,84398,SPY,254.95,255.506527,255.506527,60,1.221259,0.003345915068493151,209.03319167468325,45.91680832531674,1.5782626426416222
2017-10-16,84398,SPY,255.28999,254.614378,254.614378,60,1.222503,0.0033493232876712327,208.26072080273022,47.02926919726977,2.7408832419904905
2017-10-17,84398,SPY,255.47,254.797019,254.797019,60,1.223124,0.003351024657534247,208.38883733759695,47.081162662403045,2.8563136498432145
2017-10-18,84398,SPY,255.72,255.048772,255.048772,60,1.221259,0.003345915068493151,208.65869639357035,47.06130360642965,1.748445646301228
2017-10-19,84398,SPY,255.78999,255.118853,255.118853,60,1.221881,0.003347619178082192,208.69469115694892,47.09529884305107,2.1699403527373633
2017-10-20,84398,SPY,257.10999,256.444404,256.444404,60,1.221259,0.003345915068493151,209.80048096866,47.309509031339985,1.327474424800507
2017-10-23,84398,SPY,256.10999,255.445941,255.445941,60,1.21815,0.0033373972602739727,209.0904577286658,47.019532271334185,1.2026906584725172
2017-10-24,84398,SPY,256.56,255.8993,255.8993,60,1.218772,0.0033391013698630136,209.44013055762696,47.119869442373044,1.489593650853544
2017-10-25,84398,SPY,255.28999,254.628595,254.628595,60,1.218772,0.0033391013698630136,208.40012528563037,46.88986471436962,1.6407153162935655
2017-10-26,84398,SPY,255.62,254.960687,254.960687,60,1.221881,0.003347619178082192,208.56530673814422,47.05469326185579,1.6253488580499795
2017-10-27,84398,SPY,257.70999,257.057573,257.057573,60,1.220016,0.003342509589041096,210.3450976153888,47.36489238461121,1.558016396152906
2017-10-30,84398,SPY,256.75,256.098427,256.098427,60,1.221259,0.003345915068493151,209.51743271386516,47.23256728613484,1.3551528402864226
2017-10-31,84398,SPY,257.14999,256.502085,256.502085,60,1.224368,0.0033544328767123287,209.74045140789696,47.40953859210305,2.4622802452000925
2017-11-01,84398,SPY,257.48999,256.844906,256.844906,60,1.223124,0.003351024657534247,210.06372659887506,47.42626340112491,1.6423649301483323
2017-11-02,84398,SPY,257.59,256.947541,256.947541,60,1.221259,0.003345915068493151,210.21210385044893,47.37789614955105,2.0016858129990363
2017-11-03,84398,SPY,258.45001,257.811894,257.811894,60,1.221259,0.003345915068493151,210.91924220986775,47.53076779013227,1.5813923849308043
2017-11-06,84398,SPY,258.85001,258.220379,258.220379,60,1.221259,0.003345915068493151,211.2534290672596,47.59658093274041,2.0428039444453323
2017-11-07,84398,SPY,258.67001,258.043947,258.043947,60,1.221881,0.003347619178082192,211.0875036902314,47.582506309768604,1.716833983240687
2017-11-08,84398,SPY,259.10999,258.4555,258.4555,60,1.221259,0.003345915068493151,211.4457845958514,47.66420540414859,1.6745092181631955
2017-11-09,84398,SPY,258.17001,257.514209,257.514209,60,1.219394,0.003340805479452055,210.7403001414783,47.429709858521704,2.212028666937778
2017-11-10,84398,SPY,258.09,257.436046,257.436046,60,1.220637,0.0033442109589041096,210.63329153567884,47.45670846432114,2.028468105125652
2017-11-13,84398,SPY,258.32999,257.680842,257.680842,60,1.220016,0.003342509589041096,210.85510623764264,47.474883762357365,1.6679176867291792
2017-11-14,84398,SPY,257.73001,257.084042,257.084042,60,1.220637,0.0033442109589041096,210.34528306792248,47.38472693207751,1.4878509965039108
2017-11-15,84398,SPY,256.44,255.793262,255.793262,60,1.220016,0.003342509589041096,209.31053707858948,47.12946292141052,1.8803135164313423
2017-11-16,84398,SPY,258.62,257.984944,257.984944,60,1.220016,0.003342509589041096,211.1039468538848,47.51605314611521,1.5362851911996627
2017-11-17,84398,SPY,257.85999,257.226841,257.226841,60,1.219394,0.003340805479452055,210.505128580242,47.35486141975798,1.5698270392693525
2017-11-20,84398,SPY,258.29999,257.674768,257.674768,60,1.220016,0.003342509589041096,210.85013600428982,47.44985399571016,1.5400851599309355
2017-11-21,84398,SPY,259.98999,259.37411,259.37411,60,1.218772,0.0033391013698630136,212.28407995515536,47.705910044844615,1.3528446849814928
2017-11-22,84398,SPY,259.76001,259.146323,259.146323,60,1.216285,0.0033322876712328768,212.18437615920834,47.57563384079168,1.1935056575468537
2017-11-24,84398,SPY,260.35999,259.750666,259.750666,60,1.220016,0.003342509589041096,212.54880203600248,47.8111879639975,1.7723368612679262
2017-11-27,84398,SPY,260.23001,259.624326,259.624326,60,1.217529,0.003335695890410959,212.5322906278803,47.69771937211971,0.6665143739600846
2017-11-28,84398,SPY,262.87,262.270659,262.270659,60,1.218772,0.0033391013698630136,214.65475310950384,48.21524689049616,0.6417386442153213
2017-11-29,84398,SPY,262.70999,262.113267,262.113267,60,1.221259,0.003345915068493151,214.43825104823418,48.271738951765826,0.9173754285506818
2017-11-30,84398,SPY,265.01001,264.42131,264.42131,60,1.223746,0.0033527287671232878,216.23806991817713,48.77194008182289,0.9816527795887652
2017-12-01,84398,SPY,264.45999,263.870882,263.870882,60,1.226855,0.003361246575342466,215.6776874759578,48.782302524042194,1.4205310126299446
2017-12-04,84398,SPY,264.14001,263.558302,263.558302,60,1.229963,0.003369761643835616,215.3121648945554,48.827845105444624,1.2982528236240551
2017-12-05,84398,SPY,263.19,262.611776,262.611776,60,1.231207,0.0033731698630136983,214.49503965548348,48.69496034451652,1.4496168309330122
2017-12-06,84398,SPY,263.23999,262.665346,262.665346,60,1.244885,0.0034106438356164386,214.05695899215308,49.18303100784689,1.5201998401387824
2017-12-07,84398,SPY,264.07001,263.508847,263.508847,60,1.317007,0.0036082383561643837,212.21345705161653,51.856552948383495,1.2040129267688544
2017-12-08,84398,SPY,265.51001,264.961239,264.961239,60,1.359908,0.003725775342465753,211.88359142593683,53.626418574063194,1.0905441938816502
2017-12-11,84398,SPY,266.31,265.772216,265.772216,60,1.400322,0.0038364986301369867,211.12485604610495,55.18514395389505,1.1791393704171604
2017-12-12,84398,SPY,266.78,266.251533,266.251533,60,1.443224,0.003954038356164384,210.01924584175998,56.76075415823999,0.761103020162786
2017-12-13,84398,SPY,266.75,266.197602,266.197602,60,1.454416,0.003984701369863014,209.59074909258237,57.15925090741763,0.6871823147004146
2017-12-14,84398,SPY,265.66,264.992391,264.992391,60,1.469338,0.004025583561643836,208.1306689720326,57.52933102796743,0.6855429839450495
2017-12-15,84398,SPY,266.51001,267.20431,267.20431,60,1.47369,0.0040375068493150685,209.71787200474964,56.792137995250386,1.2429152126394907
2017-12-18,84398,SPY,268.20001,268.904785,268.904785,60,1.475556,0.004042619178082192,210.9877778993607,57.21223210063931,1.0767256912043175
2017-12-19,84398,SPY,267.17001,267.877623,267.877623,60,1.476799,0.004046024657534246,210.1389053654472,57.031104634552804,1.4454739723767445
2017-12-20,84398,SPY,267.03,267.744245,267.744245,60,1.478043,0.004049432876712329,209.99132966659894,57.03867033340103,1.0750214981620252
2017-12-21,84398,SPY,267.57999,268.301515,268.301515,60,1.496074,0.004098832876712329,209.80560918600403,57.774380813995975,1.3219161654923333
2017-12-22,84398,SPY,267.51001,268.23274,268.23274,60,1.506644,0.004127791780821918,209.38769417306233,58.122315826937694,1.6270936946980479
2017-12-26,84398,SPY,267.19,267.915886,267.915886,60,1.506644,0.004127791780821918,209.38769417306233,58.122315826937694,1.1777743191640215
2017-12-27,84398,SPY,267.32001,268.041149,268.041149,60,1.509753,0.004136309589041096,209.1312268146631,58.188783185336916,0.9594044719215852
2017-12-28,84398,SPY,267.87,268.591004,268.591004,60,1.504779,0.004122682191780822,209.73165071744367,58.138349282556334,1.7367694677117895
2017-12-29,84398,SPY,266.85999,267.580624,267.580624,60,1.501048,0.0041124602739726025,209.07087360055186,57.78911639944812,2.135776383675947
